Artichoke  ;Strong winds;moist;5;9;1.5;0.9;full sun;6;10;vegetable
Arugula  ;;dry, moist;5;10;0.5;0.45;tolerates partial shade, tolerates partial sun;6;8;herb, vegetable
Asparagus  ;maritime;moist;2;9;1.5;0.1;full sun;8;10;vegetable
Basil  ;;moist;9;11;0.7;0.4;full sun ;6;;herb
Beetroot  ;;moist;4;8;0.6;0.4;tolerates partial shade, tolerates partial sun;6;8;vegetable
Begonias  ;;moist;6;9;0.6;0.4;full shade ;;3;flower
Bell pepper  ;;moist;10;11;1;1;full sun;8;10;fruit, vegetable
Black-eyed pea  ;;dry, moist;10;12;1.8;0.6;full sun;8;10;vegetable
Bleeding hearts  ;;moist;3;9;0.7;1;full shade ;;3;flower
Bok choy  ;;moist;6;9;0.6;0.45;tolerates partial shade, tolerates partial sun;6;8;vegetable
Broccoli  ;maritime;moist;2;11;0.9;0.7;full sun;8;10;vegetable
Brussels sprout  ;maritime;moist;6;9;1;0.4;full sun;8;10;vegetable
Bush bean  ;;moist;2;11;0.6;0.6;full sun ;8;10;vegetable
Cantaloupe  ;;moist;9;11;1.5;2.5;full sun;8;10;fruit
Carrot  ;maritime;moist;4;8;0.6;0.2;full sun;8;10;vegetable
Cauliflower  ;maritime;moist;3;10;0.8;0.7;full sun;8;10;vegetable
Cayenne pepper  ;;moist;8;11;1;0.6;full sun;6;10;fruit, vegetable
Celeriac  ;;moist;5;9;0.6;;full sun;8;10;vegetable
Celery  ;;moist;5;9;0.6;0.3;full sun;8;10;vegetable
Cherry tomato  ;;moist, dry;8;11;2;0.4;full sun;8;10;vegetable, fruit
Chickpea  ;;dry, moist;8;11;0.6;0.6;full sun;8;10;vegetable
Chinese cabbage  ;;moist;6;9;0.5;0.3;full sun;8;10;vegetable
Chive  ;;moist;5;11;0.3;0.3;tolerates partial shade, tolerates partial sun;6;8;herb
Coleus  ;;moist;10;11;0.5;0.9;full shade ;;3;
Collards  ;maritime;moist;5;10;0.9;1;tolerates partial shade, tolerates partial sun;6;8;vegetable
Corn salad  ;;dry, moist;4;8;0.3;0.15;full sun;8;10;vegetable
Cornflower  ;;moist, dry;3;10;1;0.3;full shade;8;10;flower
Cosmos  ;;moist, dry;8;11;1;0.5;full sun;6;;flower
Cress  ;;moist;6;9;0.5;0.1;full sun;8;10;herb
Cucumber  ;;moist;9;11;2;0.9;full sun;8;10;fruit, vegetable
Edamame  ;;moist;7;10;0.6;0.9;full sun;8;10;vegetable
Eggplant  ;;moist;8;11;1;1;full sun;8;10;vegetable, fruit
Endive chicory  ;;moist;4;8;1;0.3;tolerates partial shade, tolerates partial sun;6;8;vegetable
Fennel  ;Strong winds;dry, moist;3;10;1.5;1;full sun;8;10;vegetable
Garlic  ;;moist, dry;7;10;0.6;0.2;full sun;8;10;vegetable
Horseradish  ;;moist;4;9;0.7;0.8;full sun;8;10;vegetable
Hydrangeas  ;maritime;moist, dry;5;9;3;3;tolerates partial shade, tolerates partial sun;3;4;flower
Impatiens (touch-me-not)  ;;moist;5;9;1;0.6;full shade ;;3;flower
Italian dandelion  ;;moist;3;7;1.5;0.5;tolerates partial shade, tolerates partial sun;6;8;vegetable
Jalapeno pepper  ;;moist;10;11;1;1;full sun;8;10;fruit, vegetable
Kale  ;maritime;moist;2;9;0.9;0.6;tolerates partial shade, tolerates partial sun;6;8;vegetable
Kohlrabi  ;maritime;moist;6;9;1.2;0.5;full sun;8;10;vegetable
Lavender  ;maritime;moist, dry;5;8;1.2;1;full sun;6;;herb, flower
Leek  ;;moist;5;9;0.9;0.1;full sun;8;10;vegetable
Lemon balm  ;;moist, dry;4;8;0.7;0.4;full sun, partial shade;6;10;herb
Lettuce head;;moist;5;9;0.9;0.3;tolerates partial shade, tolerates full sun in spring and fall;6;8;vegetable
Lily of the valley  ;;dry, moist, wet;2;7;0.2;0.3;full shade ;;3;flower
Lima bush bean  ;;moist;10;12;1;0.3;full sun ;8;10;vegetable
Marigolds  ;;dry, moist;2;11;0.5;0.3;full sun;6;;flower
Mint  ;;moist;3;7;0.5;1;full sun, partial shade;6;10;herb
Mustard greens  ;;moist;6;10;0.3;0.3;tolerates partial shade, tolerates partial sun;6;8;vegetable
Onion  ;;moist;4;10;0.6;0.3;full sun;8;10;vegetable
Parsley  ;;moist;4;9;0.6;0.3;tolerates partial shade, tolerates partial sun;6;8;herb
Parsnip  ;;moist;4;8;1;0.3;full sun;8;10;vegetable
Pea  ;;moist;2;9;2;0.6;full sun;8;10;vegetable, fruit
Petunias  ;;;9;11;;1.2;full sun;6;;flower
Potato  ;;moist;7;10;1;1;full sun;8;10;vegetable
Pumpkin  ;;moist;2;11;0.5;5;full sun;8;10;vegetable, fruit
Radicchio  ;;moist;3;7;1.5;0.5;full sun;8;10;vegetable
Radish  ;;moist;2;11;0.5;0.2;full sun;8;10;vegetable
Rosemary  ;maritime;moist, dry;6;11;1.5;1.5;full sun;8;10;herb
Rutabaga  ;;moist;6;9;0.8;0.5;full sun;8;10;vegetable
Sage  ;;moist, dry;5;10;0.6;0.6;full sun;8;10;herb
Scarlet runner bean  ;;moist;1;12;3;1.5;full sun ;8;10;vegetable
Shallot  ;;moist;4;8;0.3;0.15;full sun;8;10;vegetable
Snapdragons  ;;moist, dry;5;10;1;0.2;full sun;6;;flower
Spinach  ;;moist;4;8;0.3;0.3;tolerates partial shade, tolerates full sun spring and fall;6;8;vegetable
Spring onion  ;;moist;5;9;0.6;0.2;full sun;8;10;vegetable
Sunflowers  ;;moist, dry;6;9;3;0.3;full sun;6;;fruit
Sweet corn  ;;moist;2;11;2;0.8;full sun;8;10;vegetable, fruit
Sweet pea  ;;moist;2;11;2;0.9;full sun, partial shade;6;8;vegetable, fruit
Sweet potato  ;;moist;10;12;3;3;full sun;8;10;vegetable
Swiss chard  ;;moist;4;8;0.9;;tolerates partial shade, tolerates partial sun;6;8;vegetable
Szechuan pepper  ;;moist;5;8;4;6;tolerates partial shade, tolerates partial sun;4;10;fruit, vegetable
Tomatillo  ;;moist;6;9;0.8;1.2;full sun;8;10;vegetable, fruit
Tomato  ;;moist, dry;10;12;2;1.5;full sun;8;10;vegetable, fruit
Turnip  ;;moist;7;11;0.5;0.3;tolerates partial shade, tolerates partial sun;6;8;vegetable
Watermelon  ;;moist, dry;8;11;0.5;2;full sun;8;10;fruit
White cabbage  ;maritime;moist;7;11;0.8;1;full sun;8;10;vegetable
Wild garlic  ;;moist;4;8;0.3;0.3;tolerates partial shade, full shade;3;6;vegetable, fruit
Winter squash  ;;moist;2;11;0.6;5;full sun;8;10;vegetable, fruit
Zucchini  ;;moist;2;11;0.6;3;full sun;6;;vegetable, fruit
https://ponicslife.com/how-much-sun-do-vegetables-need-a-complete-list/;;;;;;;;;;
https://victoryseeds.com/blogs/articles/how-much-sunlight-do-my-plants-need;;;;;;;;;;
;;;;;;;;;;
;;;;;;;;;;
;;;;;;;;;;
;;;;;;;;;;
;;;;;;;;;;
;;;;;;;;;;
;;;;;;;;;;
;;;;;;;;;;
;;;;;;;;;;
;;;;;;;;;;
;;;;;;;;;;
;;;;;;;;;;
;;;;;;;;;;
;;;;;;;;;;
;;;;;;;;;;
;;;;;;;;;;
;;;;;;;;;;
;;;;;;;;;;
;;;;;;;;;;
;;;;;;;;;;
;;;;;;;;;;
;;;;;;;;;;
;;;;;;;;;;
;;;;;;;;;;
;;;;;;;;;;
;;;;;;;;;;
;;;;;;;;;;
;;;;;;;;;;
;;;;;;;;;;
;;;;;;;;;;
;;;;;;;;;;
;;;;;;;;;;
;;;;;;;;;;
;;;;;;;;;;
;;;;;;;;;;
;;;;;;;;;;
;;;;;;;;;;
;;;;;;;;;;
;;;;;;;;;;
;;;;;;;;;;
;;;;;;;;;;
;;;;;;;;;;
;;;;;;;;;;
;;;;;;;;;;
;;;;;;;;;;
;;;;;;;;;;
;;;;;;;;;;
;;;;;;;;;;
;;;;;;;;;;
;;;;;;;;;;
;;;;;;;;;;
;;;;;;;;;;
;;;;;;;;;;
;;;;;;;;;;
;;;;;;;;;;
;;;;;;;;;;
;;;;;;;;;;
;;;;;;;;;;
;;;;;;;;;;
;;;;;;;;;;
;;;;;;;;;;
;;;;;;;;;;
;;;;;;;;;;
;;;;;;;;;;
;;;;;;;;;;
;;;;;;;;;;
;;;;;;;;;;
;;;;;;;;;;
;;;;;;;;;;
;;;;;;;;;;
;;;;;;;;;;
;;;;;;;;;;
;;;;;;;;;;
;;;;;;;;;;
;;;;;;;;;;
;;;;;;;;;;
;;;;;;;;;;
;;;;;;;;;;
;;;;;;;;;;
;;;;;;;;;;
;;;;;;;;;;
;;;;;;;;;;
;;;;;;;;;;
;;;;;;;;;;
;;;;;;;;;;
;;;;;;;;;;
;;;;;;;;;;
;;;;;;;;;;
;;;;;;;;;;
;;;;;;;;;;
;;;;;;;;;;
;;;;;;;;;;
;;;;;;;;;;
;;;;;;;;;;
;;;;;;;;;;
;;;;;;;;;;
;;;;;;;;;;
;;;;;;;;;;
;;;;;;;;;;
;;;;;;;;;;
;;;;;;;;;;
;;;;;;;;;;
;;;;;;;;;;
;;;;;;;;;;
;;;;;;;;;;
;;;;;;;;;;
